description,siluetas,calinski,davies
k_means_k_8,0.5133875112816113,17213.4458953392,0.5335713625756932
minibatch_k_means_k_8,0.5189557946630763,18153.507968155543,0.5136291937572137
Agglomerative_k_2,0.6645337158554768,5085.502705019907,0.625170814236068
Birch_k_3,0.6076117253894231,7636.509027463491,0.5156617364402707
OPTICS,-0.36366654611876525,47.488502317936245,2.611531665075729
MeanShift,0.7045272513872954,4622.6906858878065,0.42320056478266205
AffinityPropagation,0.0702197092546993,1207.867978449091,0.28203245421481093
